{"cameraMode":{"drawMode":0,"name":"Shaded","section":"Shading Mode"},"sceneLighting":true,"audioPlay":false,"sceneViewState":{"m_AlwaysRefresh":false,"showFog":true,"showSkybox":true,"showFlares":true,"showImageEffects":true,"showParticleSystems":true,"showVisualEffectGraphs":true,"m_FxEnabled":true},"in2DMode":false,"pivot":{"x":404.1540832519531,"y":93.07559204101563,"z":350.74835205078127},"rotation":{"x":0.13239909708499909,"y":0.04013177379965782,"z":-0.005365215241909027,"w":0.9903708696365356},"size":371.3638000488281,"orthographic":false}